{"dropout_rate": 0.3, "best_val_loss": 3.192802572250366, "best_val_f1": 0.8260869565217391, "epoch": 11}